<?xml version="1.0" encoding="UTF-8"?><idempiere Name="AD_Rule" Version="1.0.0" idempiereVersion="7.1.0.202006071123" DataBaseVersion="2019-11-22" Description="" Author="SuperUser" AuthorEmail="erzegovina@erpsit.com" CreatedDate="Fri Jul 31 16:34:57 UTC 2020" UpdatedDate="Fri Jul 31 16:34:57 UTC 2020" PackOutVersion="100" UpdateDictionary="true" Client="0-SYSTEM-System" AD_Client_UU="11237b53-9592-4af1-b3c5-afd216514b5d">
    <AD_Rule type="table">
        <AD_Client_ID>0</AD_Client_ID>
        <AD_Org_ID>0</AD_Org_ID>
        <Description/>
        <Help/>
        <IsActive>Y</IsActive>
        <Name>R_Montly_Pay</Name>
        <Value>beanshell:R_Montly_Pay</Value>
        <EntityType>SIT</EntityType>
        <RuleType>S</RuleType>
        <EventType>H</EventType>
        <AccessLevel/>
        <Script>double result= 0.0;

montly_pay = getAttribute("A_Montly_Amount",_From,_To);

if (montly_pay &gt; 0) {
	result = montly_pay;
}	
else {
	result = 0.0;
}

description= "Vencimento";
return;</Script>
        <AD_Rule_UU>af1849cd-eb93-403d-8c12-0a6138be74e2</AD_Rule_UU>
        <ctxVariable/>
    </AD_Rule>
    <AD_Rule type="table">
        <AD_Client_ID>0</AD_Client_ID>
        <AD_Org_ID>0</AD_Org_ID>
        <Description/>
        <Help/>
        <IsActive>Y</IsActive>
        <Name>R_DEPVAL_Calculation</Name>
        <Value>beanshell:R_DEPVAL_Calculation</Value>
        <EntityType>SIT</EntityType>
        <RuleType>S</RuleType>
        <EventType>H</EventType>
        <AccessLevel/>
        <Script>double result = 0.0;
double a_lvl0 = getAttribute("A_DPT_SC_LVL0",_From,_To);
double a_lvl1 = getAttribute("A_DPT_SC_LVL1",_From,_To);
double a_lvl2 = getAttribute("A_DPT_SC_LVL2",_From,_To);
double a_lvl3 = getAttribute("A_DPT_SC_LVL3",_From,_To);
double a_lvl4 = getAttribute("A_DPT_SC_LVL4",_From,_To);
int[][] decodepend = new int[][]{{0,a_lvl0},{1,a_lvl1},{2,a_lvl2},{3,a_lvl3},{4,a_lvl4}};

nDependentes = getAttribute("A_Dependentes_Num",_From,_To);
double valorDeducaoDependentes =0.0;
for (int counterx = 0; counterx &lt; decodepend.length; counterx++) {
    int num_dependentes = decodepend[counterx][0];
    int valorx = decodepend[counterx][1];
    if (nDependentes&gt;=4) {
      nDependentes=4;
    }
    if (counterx==nDependentes){
      valorDeducaoDependentes = valorx ;
    }
}

if (valorDeducaoDependentes&lt;0) {
  valorDeducaoDependentes = 0;
}

result = Math.round(valorDeducaoDependentes);

description= "VAL_DEDUCAO_DEP";
return;
</Script>
        <AD_Rule_UU>ab3cfe61-952b-4470-895c-d6208cc2c217</AD_Rule_UU>
        <ctxVariable/>
    </AD_Rule>
    <AD_Rule type="table">
        <AD_Client_ID>0</AD_Client_ID>
        <AD_Org_ID>0</AD_Org_ID>
        <Description/>
        <Help/>
        <IsActive>Y</IsActive>
        <Name>R_Social_Security_Company</Name>
        <Value>beanshell:R_Social_Security_Company</Value>
        <EntityType>SIT</EntityType>
        <RuleType>S</RuleType>
        <EventType>H</EventType>
        <AccessLevel/>
        <Script>double result= 0.0;

double company_percent=  getAttribute("C_Company_SC_Percent",_From,_To);

v_Assignament = getConceptGroup("ASG_BAS");
v_Utilidades = getConceptGroup("ASG_UTILIDADES");
v_Deductions = getConceptGroup("RETENCOES_SALAR");
double montly_pay =  v_Assignament + v_Utilidades - v_Deductions;

double payroll_amt = Math.round((montly_pay*(company_percent/100)) * 100);
payroll_amt = payroll_amt / 100;

result = payroll_amt;

description= "INSS pago pela Empresa ";
return;</Script>
        <AD_Rule_UU>b2108d5c-9a14-4783-9862-eb258cff9ffd</AD_Rule_UU>
        <ctxVariable/>
    </AD_Rule>
    <AD_Rule type="table">
        <AD_Client_ID>0</AD_Client_ID>
        <AD_Org_ID>0</AD_Org_ID>
        <Description/>
        <Help/>
        <IsActive>Y</IsActive>
        <Name>R_IRPS_Calculation</Name>
        <Value>beanshell:R_IRPS_Calculation</Value>
        <EntityType>SIT</EntityType>
        <RuleType>S</RuleType>
        <EventType>H</EventType>
        <AccessLevel/>
        <Script>double result = 0.0;

double l0_f = (int) getAttribute("A_T_SC_L0_F",_From,_To);
double l0_t = (int) getAttribute("A_T_SC_L0_T",_From,_To); //3.5
double l1_f = l0_t + 1;
double l1_t = (int) getAttribute("A_T_SC_L1_T",_From,_To); //14k
double l2_f = l1_t + 1; 
double l2_t = (int) getAttribute("A_T_SC_L2_T",_From,_To); //42k
double l3_f = l2_t + 1; 
double l3_t = (int) getAttribute("A_T_SC_L3_T",_From,_To); //126k
double l4_f = l3_t + 1; 
double l4_t = (int) getAttribute("A_T_SC_L4_T",_From,_To); //126k1 

double l0_p = getAttribute("A_T_L0_P",_From,_To); //.1;
double l0_v = getAttribute("A_T_L0_V",_From,_To); //0;
double l1_p = getAttribute("A_T_L1_P",_From,_To); //.15;
double l1_v = getAttribute("A_T_L1_V",_From,_To); //175;
double l2_p = getAttribute("A_T_L2_P",_From,_To); //0.2;
double l2_v = getAttribute("A_T_L2_V",_From,_To); //875;
double l3_p = getAttribute("A_T_L3_P",_From,_To); //.25;
double l3_v = getAttribute("A_T_L3_V",_From,_To); //2975;
double l4_p = getAttribute("A_T_L4_P",_From,_To); //0.32;
double l4_v = getAttribute("A_T_L4_V",_From,_To); //11795;

double[][] taxas = new double[][]{{l0_f,l0_t,l0_p,l0_v},{l1_f,l1_t,l1_p,l1_v},{l2_f,l2_t,l2_p,l2_v},{l3_f,l3_t,l3_p,l3_v},{l4_f,l4_t,l4_p,l4_v}};

double mnt =  getAttribute("C_MNT_SC_VAL",_From,_To);
rnd = getConceptGroup("ASG_BAS") + getConceptGroup("ASG_UTILIDADES") - getConceptGroup("RETENCOES_SALAR");
double valorMnt = mnt;
double rndCol = rnd - (valorMnt / 12);
double vTax= 0.0;
double vPAb= 0.0;
for (int counter = 0; counter &lt; taxas.length; counter++) {
    double de = taxas[counter][0];
    double ate = taxas[counter][1];
    double valor = taxas[counter][2];
    double loopPAb = taxas[counter][3];
    if(de&lt;=rndCol &amp;&amp; ate&gt;= rndCol){
        vTax = valor;
        vPAb = loopPAb;
    }
}
imposto = vTax * rndCol;
valDedCol = imposto - vPAb;
valDedDep = getConcept("CC_DEP_SC_VAL");
double valorRetido = valDedCol - valDedDep;
if (valorRetido&lt;0) {
  valorRetido = 0;
}
result = Math.round(valorRetido);</Script>
        <AD_Rule_UU>c9e1a09a-ef4c-4d4e-bf35-4215fef51f85</AD_Rule_UU>
        <ctxVariable/>
    </AD_Rule>
    <AD_Rule type="table">
        <AD_Client_ID>0</AD_Client_ID>
        <AD_Org_ID>0</AD_Org_ID>
        <Description/>
        <Help/>
        <IsActive>Y</IsActive>
        <Name>R_Montly_Days</Name>
        <Value>beanshell:R_Montly_Days</Value>
        <EntityType>SIT</EntityType>
        <RuleType>S</RuleType>
        <EventType>H</EventType>
        <AccessLevel/>
        <Script>double result= 0.0;

montly_days = getAttribute("A_DIAS_MES",_From,_To);

if (montly_days &gt; 0) {
	result = montly_days;
}	
else {
	result = 0.0;
}

description= "N. Dias Mes";
return;</Script>
        <AD_Rule_UU>fbe51d64-703e-4368-a1af-826869f9d11c</AD_Rule_UU>
        <ctxVariable/>
    </AD_Rule>
    <AD_Rule type="table">
        <AD_Client_ID>0</AD_Client_ID>
        <AD_Org_ID>0</AD_Org_ID>
        <Description/>
        <Help/>
        <IsActive>Y</IsActive>
        <Name>R_Pedido_Adiantamento</Name>
        <Value>beanshell:R_Pedido_Adiantamento</Value>
        <EntityType>SIT</EntityType>
        <RuleType>S</RuleType>
        <EventType>H</EventType>
        <AccessLevel/>
        <Script>double result= 0.0;

val_adiantamento = getAttribute("A_PEDIDO_ADIANTAMENTO",_From,_To);

if (val_adiantamento &gt; 0) {
	result = val_adiantamento;
}	
else {
	result = 0.0;
}

description= "Desconto Adiantamento";
return;</Script>
        <AD_Rule_UU>5e8b949a-ca51-4c75-b594-d5f7951653be</AD_Rule_UU>
        <ctxVariable/>
    </AD_Rule>
    <AD_Rule type="table">
        <AD_Client_ID>0</AD_Client_ID>
        <AD_Org_ID>0</AD_Org_ID>
        <Description/>
        <Help/>
        <IsActive>Y</IsActive>
        <Name>R_FALTA_D_Calculation</Name>
        <Value>beanshell:R_FALTA_D_Calculation</Value>
        <EntityType>SIT</EntityType>
        <RuleType>S</RuleType>
        <EventType>H</EventType>
        <AccessLevel/>
        <Script>double result = 0.0;
num_dias = getAttribute("A_DESCONTO_DIAS",_From,_To);
montly_days = getAttribute("A_DIAS_MES",_From,_To);
double rnd = getConceptGroup("ASG_BAS") + getConceptGroup("ASG_UTILIDADES");
double valor_round_dia = Math.round((rnd / montly_days) * 100);
valor_round_dia = valor_round_dia / 100;
double valorRetido = Math.round((num_dias * valor_round_dia) * 100);
valorRetido = valorRetido / 100;
if (valorRetido&gt;0) {
  result = valorRetido;
}
else {
  result = 0.0;
}</Script>
        <AD_Rule_UU>17e876b1-33d5-4b2a-8344-dafdb199ef72</AD_Rule_UU>
        <ctxVariable/>
    </AD_Rule>
    <AD_Rule type="table">
        <AD_Client_ID>0</AD_Client_ID>
        <AD_Org_ID>0</AD_Org_ID>
        <Description/>
        <Help/>
        <IsActive>Y</IsActive>
        <Name>R_Descontos_Horas</Name>
        <Value>beanshell:R_Descontos_Horas</Value>
        <EntityType>SIT</EntityType>
        <RuleType>S</RuleType>
        <EventType>H</EventType>
        <AccessLevel/>
        <Script>num_horas = getAttribute("A_DESCONTO_HORAS",_From,_To);

if (num_horas &gt; 0) {
	result = num_horas;
}	
else {
	result = 0;
}

description= "Numero horas descontos";
return;</Script>
        <AD_Rule_UU>a7023b73-9901-460c-b56b-cd09893ec4f5</AD_Rule_UU>
        <ctxVariable/>
    </AD_Rule>
    <AD_Rule type="table">
        <AD_Client_ID>0</AD_Client_ID>
        <AD_Org_ID>0</AD_Org_ID>
        <Description/>
        <Help/>
        <IsActive>Y</IsActive>
        <Name>R_Subsidio_Outros</Name>
        <Value>beanshell:R_Subsidio_Outros</Value>
        <EntityType>SIT</EntityType>
        <RuleType>S</RuleType>
        <EventType>H</EventType>
        <AccessLevel/>
        <Script>double result= 0.0;

val_subsidio = getAttribute("A_SUBSIDIO_OUTROS",_From,_To);

if (val_subsidio &gt; 0) {
	result = val_subsidio;
}	
else {
	result = 0.0;
}

description= "Valor Subsidio";
return;</Script>
        <AD_Rule_UU>ff1865d7-36bf-42f7-a189-e6c6306915ad</AD_Rule_UU>
        <ctxVariable/>
    </AD_Rule>
    <AD_Rule type="table">
        <AD_Client_ID>0</AD_Client_ID>
        <AD_Org_ID>0</AD_Org_ID>
        <Description/>
        <Help/>
        <IsActive>Y</IsActive>
        <Name>R_Subsidio_Alim</Name>
        <Value>beanshell:R_Subsidio_Alim</Value>
        <EntityType>SIT</EntityType>
        <RuleType>S</RuleType>
        <EventType>H</EventType>
        <AccessLevel/>
        <Script>double result= 0.0;

val_subsidio = getAttribute("A_SUBSIDIO_ALIM",_From,_To);

if (val_subsidio &gt; 0) {
	result = val_subsidio;
}	
else {
	result = 0.0;
}

description= "Valor Subsidio";
return;</Script>
        <AD_Rule_UU>5270d381-06a2-4c3f-8f70-d48fa36af382</AD_Rule_UU>
        <ctxVariable/>
    </AD_Rule>
    <AD_Rule type="table">
        <AD_Client_ID>0</AD_Client_ID>
        <AD_Org_ID>0</AD_Org_ID>
        <Description/>
        <Help/>
        <IsActive>Y</IsActive>
        <Name>R_Prestacao_Emprestimo</Name>
        <Value>beanshell:R_Prestacao_Emprestimo</Value>
        <EntityType>SIT</EntityType>
        <RuleType>S</RuleType>
        <EventType>H</EventType>
        <AccessLevel/>
        <Script>double result= 0.0;

val_prestacao = getAttribute("A_PRESTACAO_EMPRESTIMO",_From,_To);

if (val_prestacao &gt; 0) {
	result = val_prestacao;
}	
else {
	result = 0.0;
}

description= "Desconto Emprestimo";
return;</Script>
        <AD_Rule_UU>d5172da1-30f7-40da-be0e-8e5f5b25f6fd</AD_Rule_UU>
        <ctxVariable/>
    </AD_Rule>
    <AD_Rule type="table">
        <AD_Client_ID>0</AD_Client_ID>
        <AD_Org_ID>0</AD_Org_ID>
        <Description/>
        <Help/>
        <IsActive>Y</IsActive>
        <Name>R_Descontos_Dias</Name>
        <Value>beanshell:R_Descontos_Dias</Value>
        <EntityType>SIT</EntityType>
        <RuleType>S</RuleType>
        <EventType>H</EventType>
        <AccessLevel/>
        <Script>num_dias = getAttribute("A_DESCONTO_DIAS",_From,_To);

if (num_dias &gt; 0) {
	result = num_dias;
}	
else {
	result = 0;
}

description= "Numero dias descontos";
return;</Script>
        <AD_Rule_UU>51bca0c1-e95c-4931-8f30-7cdeab8da17b</AD_Rule_UU>
        <ctxVariable/>
    </AD_Rule>
    <AD_Rule type="table">
        <AD_Client_ID>0</AD_Client_ID>
        <AD_Org_ID>0</AD_Org_ID>
        <Description/>
        <Help/>
        <IsActive>Y</IsActive>
        <Name>R_VAL_Pago</Name>
        <Value>beanshell:R_VAL_Pago</Value>
        <EntityType>SIT</EntityType>
        <RuleType>S</RuleType>
        <EventType>H</EventType>
        <AccessLevel/>
        <Script>//*************************************************************
//_From = _FECHANICIOPERIODO;
//_To = _FECHAFINPERIODO;

//*************************************************************
//CC_TOTAL_ASIGNACION-DEDUCCION
//*************************************************************

result = 0.0;

v_Assignament = getConceptGroup("ASG_BAS");
v_Utilidades = getConceptGroup("ASG_UTILIDADES");
v_Deductions = getConceptGroup("RETENCOES") + getConceptGroup("RETENCOES_SALAR");

double valor_pago = Math.round((v_Assignament + v_Utilidades - v_Deductions) * 100);
valor_pago = valor_pago / 100;

result =  valor_pago;
description = "Total Pago : "+result;
//*************************************************************

</Script>
        <AD_Rule_UU>a8bb68c0-f092-46d4-897d-ca9ebbcfd766</AD_Rule_UU>
        <ctxVariable/>
    </AD_Rule>
    <AD_Rule type="table">
        <AD_Client_ID>0</AD_Client_ID>
        <AD_Org_ID>0</AD_Org_ID>
        <Description/>
        <Help/>
        <IsActive>Y</IsActive>
        <Name>R_FALTA_H_Calculation</Name>
        <Value>beanshell:R_FALTA_H_Calculation</Value>
        <EntityType>SIT</EntityType>
        <RuleType>S</RuleType>
        <EventType>H</EventType>
        <AccessLevel/>
        <Script>double result = 0.0;
num_hours = getAttribute("A_DESCONTO_HORAS",_From,_To);
montly_days = getAttribute("A_DIAS_MES",_From,_To);
daily_hours =  getAttribute("C_Hours_Per_Day",_From,_To);
double rnd = getConceptGroup("ASG_BAS") + getConceptGroup("ASG_UTILIDADES");
double valor_round_dia = Math.round((rnd / montly_days) * 100);
valor_round_dia = valor_round_dia / 100;
double valor_round_hora = Math.round((valor_round_dia / daily_hours) * 100);
valor_round_hora = valor_round_hora / 100;
double valorRetido = Math.round((num_hours * valor_round_hora) * 100);
valorRetido = valorRetido / 100;
if (valorRetido&gt;0) {
  result = valorRetido;
}
else {
  result = 0.0;
}
</Script>
        <AD_Rule_UU>5252bbdc-d6d5-4405-842a-4f6973fbc3aa</AD_Rule_UU>
        <ctxVariable/>
    </AD_Rule>
    <AD_Rule type="table">
        <AD_Client_ID>0</AD_Client_ID>
        <AD_Org_ID>0</AD_Org_ID>
        <Description/>
        <Help/>
        <IsActive>Y</IsActive>
        <Name>R_Social_Security_Employee</Name>
        <Value>beanshell:R_Social_Security_Employee</Value>
        <EntityType>SIT</EntityType>
        <RuleType>S</RuleType>
        <EventType>H</EventType>
        <AccessLevel/>
        <Script>double result= 0.0;

double employee_percent=  getAttribute("C_Employee_SC_Percent",_From,_To);

v_Assignament = getConceptGroup("ASG_BAS");
v_Utilidades = getConceptGroup("ASG_UTILIDADES");
v_Deductions = getConceptGroup("RETENCOES_SALAR");
double montly_pay =  v_Assignament + v_Utilidades - v_Deductions;

double payroll_amt = Math.round((montly_pay*(employee_percent/100)) * 100);
payroll_amt = payroll_amt / 100;

result = payroll_amt;

//System.out.println("INFO: " + montly_pay);

description= "Seguranca Social";
return;
</Script>
        <AD_Rule_UU>0e5b1862-b6f1-45ae-9f75-60e63efe1e8c</AD_Rule_UU>
        <ctxVariable/>
    </AD_Rule>
</idempiere>
