<?xml version="1.0" encoding="UTF-8"?><idempiere Name="AD_EntityType" Version="1.0.0" idempiereVersion="7.1.0.qualifier" DataBaseVersion="2019-11-22" Description="" Author="SuperUser" AuthorEmail="erzegovina@erpsit.com" CreatedDate="Thu Jun 11 20:57:50 CAT 2020" UpdatedDate="Thu Jun 11 20:57:50 CAT 2020" PackOutVersion="100" UpdateDictionary="true" Client="0-SYSTEM-System" AD_Client_UU="11237b53-9592-4af1-b3c5-afd216514b5d">
    <AD_EntityType type="table">
        <AD_Client_ID>0</AD_Client_ID>
        <AD_Org_ID>0</AD_Org_ID>
        <EntityType>MERP</EntityType>
        <IsActive>Y</IsActive>
        <Name>MERP</Name>
        <Description/>
        <Help/>
        <Version/>
        <ModelPackage/>
        <Classpath/>
        <Processing>N</Processing>
        <AD_EntityType_UU>58906a17-5de9-487c-989a-150eaedcb8d5</AD_EntityType_UU>
    </AD_EntityType>
</idempiere>
