<?xml version="1.0" encoding="UTF-8"?><idempiere Name="AD_Rule" Version="1.0.0" idempiereVersion="7.1.0.qualifier" DataBaseVersion="2019-11-22" Description="" Author="SuperUser" AuthorEmail="erzegovina@erpsit.com" CreatedDate="Tue Jun 09 22:40:45 CAT 2020" UpdatedDate="Tue Jun 09 22:40:45 CAT 2020" PackOutVersion="100" UpdateDictionary="true" Client="0-SYSTEM-System" AD_Client_UU="11237b53-9592-4af1-b3c5-afd216514b5d">
    <AD_Rule type="table">
        <AD_Client_ID>0</AD_Client_ID>
        <AD_Org_ID>0</AD_Org_ID>
        <Description/>
        <Help/>
        <IsActive>Y</IsActive>
        <Name>R_Montly_Pay</Name>
        <Value>beanshell:R_Montly_Pay</Value>
        <EntityType>SIT</EntityType>
        <RuleType>S</RuleType>
        <EventType>H</EventType>
        <AccessLevel/>
        <Script>double result= 0.0;

montly_pay = getAttribute("A_Montly_Amount",_From,_To);

if (montly_pay &gt; 0) {
	result = montly_pay;
}	
else {
	result = 0.0;
}

description= "Vencimento";
return;</Script>
        <AD_Rule_UU>af1849cd-eb93-403d-8c12-0a6138be74e2</AD_Rule_UU>
        <ctxVariable/>
    </AD_Rule>
    <AD_Rule type="table">
        <AD_Client_ID>0</AD_Client_ID>
        <AD_Org_ID>0</AD_Org_ID>
        <Description/>
        <Help/>
        <IsActive>Y</IsActive>
        <Name>R_Social_Security_Company</Name>
        <Value>beanshell:R_Social_Security_Company</Value>
        <EntityType>SIT</EntityType>
        <RuleType>S</RuleType>
        <EventType>H</EventType>
        <AccessLevel/>
        <Script>double result= 0.0;
double company_percent = 0.0;

double company_percent=  getAttribute("C_Company_SC_Percent",_From,_To);
montly_pay = getConcept("CC_MONTLY_PAY");

payroll_amt = montly_pay*(company_percent/100);

result = payroll_amt;

description= "Company Dedducion ";
return;</Script>
        <AD_Rule_UU>b2108d5c-9a14-4783-9862-eb258cff9ffd</AD_Rule_UU>
        <ctxVariable/>
    </AD_Rule>
    <AD_Rule type="table">
        <AD_Client_ID>0</AD_Client_ID>
        <AD_Org_ID>0</AD_Org_ID>
        <Description/>
        <Help/>
        <IsActive>Y</IsActive>
        <Name>R_Social_Security_Employee</Name>
        <Value>beanshell:R_Social_Security_Employee</Value>
        <EntityType>SIT</EntityType>
        <RuleType>S</RuleType>
        <EventType>H</EventType>
        <AccessLevel/>
        <Script>double result= 0.0;

double employee_percent=  getAttribute("C_Employee_SC_Percent",_From,_To);
montly_pay = getConcept("CC_MONTLY_PAY");

payroll_amt = montly_pay*(employee_percent/100);

result = payroll_amt;
//System.out.println("Employee_Percent: "+employee_percent);
description= "Seguranca Social";
return;</Script>
        <AD_Rule_UU>0e5b1862-b6f1-45ae-9f75-60e63efe1e8c</AD_Rule_UU>
        <ctxVariable/>
    </AD_Rule>
    <AD_Rule type="table">
        <AD_Client_ID>0</AD_Client_ID>
        <AD_Org_ID>0</AD_Org_ID>
        <Description/>
        <Help/>
        <IsActive>Y</IsActive>
        <Name>R_DEPVAL_Calculation</Name>
        <Value>beanshell:R_DEPVAL_Calculation</Value>
        <EntityType>SIT</EntityType>
        <RuleType>S</RuleType>
        <EventType>H</EventType>
        <AccessLevel/>
        <Script>double result = 0.0;
double a_lvl0 = getAttribute("A_DPT_SC_LVL0",_From,_To);
double a_lvl1 = getAttribute("A_DPT_SC_LVL1",_From,_To);
double a_lvl2 = getAttribute("A_DPT_SC_LVL2",_From,_To);
double a_lvl3 = getAttribute("A_DPT_SC_LVL3",_From,_To);
double a_lvl4 = getAttribute("A_DPT_SC_LVL4",_From,_To);
int[][] decodepend = new int[][]{{0,a_lvl0},{1,a_lvl1},{2,a_lvl2},{3,a_lvl3},{4,a_lvl4}};

nDependentes = getAttribute("A_Dependentes_Num",_From,_To);
double valorDeducaoDependentes =0.0;
for (int counterx = 0; counterx &lt; decodepend.length; counterx++) {
    int num_dependentes = decodepend[counterx][0];
    int valorx = decodepend[counterx][1];
    if (nDependentes&gt;=4) {
      nDependentes=4;
    }
    if (counterx==nDependentes){
      valorDeducaoDependentes = valorx ;
    }
}

if (valorDeducaoDependentes&lt;0) {
  valorDeducaoDependentes = 0;
}

result = Math.round(valorDeducaoDependentes);

description= "VAL_DEDUCAO_DEP";
return;
</Script>
        <AD_Rule_UU>ab3cfe61-952b-4470-895c-d6208cc2c217</AD_Rule_UU>
        <ctxVariable/>
    </AD_Rule>
    <AD_Rule type="table">
        <AD_Client_ID>0</AD_Client_ID>
        <AD_Org_ID>0</AD_Org_ID>
        <Description/>
        <Help/>
        <IsActive>Y</IsActive>
        <Name>R_IRPS_Calculation</Name>
        <Value>beanshell:R_IRPS_Calculation</Value>
        <EntityType>SIT</EntityType>
        <RuleType>S</RuleType>
        <EventType>H</EventType>
        <AccessLevel/>
        <Script>double result = 0.0;

double l0_f = (int) getAttribute("A_T_SC_L0_F",_From,_To);  
double l0_t = (int) getAttribute("A_T_SC_L0_T",_From,_To);  //0,3500
double l1_f = l0_t + 1; 
double l1_t = (int) getAttribute("A_T_SC_L1_T",_From,_To);  //3501,14000
double l2_f = l1_t + 1; 
double l2_t = (int) getAttribute("A_T_SC_L2_T",_From,_To);  //14001,42000
double l3_f = l2_t + 1; 
double l3_t = (int) getAttribute("A_T_SC_L3_T",_From,_To);  //42001,126000
double l4_f = l3_t + 1; 
double l4_t = (int) getAttribute("A_T_SC_L4_T",_From,_To);  //126001 

double l0_p = getAttribute("A_T_L0_P",_From,_To); //0.1;
double l0_v = getAttribute("A_T_L0_V",_From,_To); //0;
double l1_p = getAttribute("A_T_L1_P",_From,_To); //0.15;
double l1_v = getAttribute("A_T_L1_V",_From,_To); //175;
double l2_p = getAttribute("A_T_L2_P",_From,_To); //0.2;
double l2_v = getAttribute("A_T_L2_V",_From,_To); //875;
double l3_p = getAttribute("A_T_L3_P",_From,_To); //0.25;
double l3_v = getAttribute("A_T_L3_V",_From,_To); //2975;
double l4_p = getAttribute("A_T_L4_P",_From,_To); //0.32;
double l4_v = getAttribute("A_T_L4_V",_From,_To); //11795;

double[][] taxas = new double[][]{{l0_f,l0_t,l0_p,l0_v},{l1_f,l1_t,l1_p,l1_v},{l2_f,l2_t,l2_p,l2_v},{l3_f,l3_t,l3_p,l3_v},{l4_f,l4_t,l4_p,l4_v}};

double mnt =  getAttribute("C_MNT_SC_VAL",_From,_To);
rnd = getConcept("CC_MONTLY_PAY");
double valorMnt = mnt;
double rndCol = rnd - (valorMnt / 12);
double vTax= 0.0;
double vPAb= 0.0;
for (int counter = 0; counter &lt; taxas.length; counter++) {
    double de = taxas[counter][0];
    double ate = taxas[counter][1];
    double valor = taxas[counter][2];
    double loopPAb = taxas[counter][3];
    if(de&lt;=rndCol &amp;&amp; ate&gt;= rndCol){
        vTax = valor;
        vPAb = loopPAb;
    }
}
imposto = vTax * rndCol;
valDedCol = imposto - vPAb;
valDedDep = getConcept("CC_DEP_SC_VAL");
double valorRetido = valDedCol - valDedDep;
if (valorRetido&lt;0) {
  valorRetido = 0;
}
result = Math.round(valorRetido);
description= "IRPS";
return;</Script>
        <AD_Rule_UU>c9e1a09a-ef4c-4d4e-bf35-4215fef51f85</AD_Rule_UU>
        <ctxVariable/>
    </AD_Rule>
    <AD_Rule type="table">
        <AD_Client_ID>0</AD_Client_ID>
        <AD_Org_ID>0</AD_Org_ID>
        <Description/>
        <Help/>
        <IsActive>Y</IsActive>
        <Name>R_VAL_Pago</Name>
        <Value>beanshell:R_VAL_Pago</Value>
        <EntityType>SIT</EntityType>
        <RuleType>S</RuleType>
        <EventType>H</EventType>
        <AccessLevel/>
        <Script>//*************************************************************
//_From = _FECHANICIOPERIODO;
//_To = _FECHAFINPERIODO;

//*************************************************************
//CC_TOTAL_ASIGNACION-DEDUCCION
//*************************************************************

result = 0.0;

v_Assignament = getConceptGroup("Assignament");
v_Deductions = getConceptGroup("Deductions");

result =  v_Assignament - v_Deductions;
description = "Total Pago : "+result;
//*************************************************************</Script>
        <AD_Rule_UU>a8bb68c0-f092-46d4-897d-ca9ebbcfd766</AD_Rule_UU>
        <ctxVariable/>
    </AD_Rule>
</idempiere>
