<?xml version="1.0" encoding="UTF-8"?><idempiere Name="PayRollSQLVIEW" Version="20200620" idempiereVersion="" DataBaseVersion="" Description="" Author="" AuthorEmail="" CreatedDate="2020-06-21 19:41:03.845" UpdatedDate="2020-06-21 19:41:03.845" PackOutVersion="100" UpdateDictionary="false" Client="0-SYSTEM-System" AD_Client_UU="11237b53-9592-4af1-b3c5-afd216514b5d">
    <SQLStatement type="custom">
        <DBType>Postgres</DBType>
        <statement>
            <![CDATA[CREATE OR REPLACE FUNCTION adempiere.getqty_hrattribute(s_validfrom date, s_validto date, pvalueconcept character varying, pc_bpartner_id numeric, pad_client_id numeric)
 RETURNS numeric
 LANGUAGE plpgsql
AS $function$
/*************************************************************************
 *
 ************************************************************************/
DECLARE
	v_qty		numeric:=0;

BEGIN
	--	Get  qty of attribute
	BEGIN
		SELECT	SUM(CASE WHEN ha.qty is not null and ha.qty <> 0 then ha.qty
                ELSE COALESCE(ha.qty,0) END)
		INTO	v_qty
		FROM	hr_concept hc
                        JOIN hr_attribute ha on ha.hr_concept_id=hc.hr_concept_id

		WHERE	hc.ad_client_id = pAD_Client_ID
                AND     ha.c_bpartner_id = pc_bpartner_id
                AND     (ha.validfrom between s_validfrom and s_validTo)
		--AND     date(ha.validfrom) between cast('16'||'-'||date_part('month',date(s_validfrom))
		--||'-'||date_part('year',date(s_validfrom)) as date)
		--and date(s_validfrom)
                AND     hc.value = pvalueconcept;

	--EXCEPTION
		--WHEN OTHERS THEN
                --v_qty :=0;
            	--RAISE NOTICE 'getamountconcept - %', SQLERRM;
		--RETURN NULL;
	END;
IF v_qty is null then
    v_qty=0;

END IF;

RETURN	v_qty;
END;

$function$
;
]]>
        </statement>
    </SQLStatement>
    <SQLStatement type="custom">
        <DBType>Postgres</DBType>
        <statement>
            <![CDATA[CREATE OR REPLACE FUNCTION adempiere.getqty_hrattribute(s_validfrom date, pvalueconcept character varying, pc_bpartner_id numeric, pad_client_id numeric)
 RETURNS numeric
 LANGUAGE plpgsql
AS $function$
/*************************************************************************
 *
 ************************************************************************/
DECLARE
	v_qty		numeric:=0;

BEGIN
	--	Get  qty of attribute
	BEGIN
		SELECT	SUM(CASE WHEN ha.qty is not null and ha.qty <> 0 then ha.qty
                ELSE COALESCE(ha.qty,0) END)
		INTO	v_qty
		FROM	hr_concept hc
                        JOIN hr_attribute ha on ha.hr_concept_id=hc.hr_concept_id

		WHERE	hc.ad_client_id = pAD_Client_ID
                AND     ha.c_bpartner_id = pc_bpartner_id
                AND     (ha.validfrom between s_validfrom and s_validfrom)
		--AND     date(ha.validfrom) between cast('16'||'-'||date_part('month',date(s_validfrom))
		--||'-'||date_part('year',date(s_validfrom)) as date)
		--and date(s_validfrom)
                AND     hc.value = pvalueconcept;

	--EXCEPTION
		--WHEN OTHERS THEN
                --v_qty :=0;
            	--RAISE NOTICE 'getamountconcept - %', SQLERRM;
		--RETURN NULL;
	END;
IF v_qty is null then
    v_qty=0;


END IF;

RETURN	v_qty;
END;

$function$
;
]]>
        </statement>
    </SQLStatement>
    <SQLStatement type="custom">
        <DBType>Postgres</DBType>
        <statement>
            <![CDATA[CREATE OR REPLACE FUNCTION adempiere.getamountconcept(phr_process_id numeric, pvalueconcept character varying, pc_bpartner_id numeric)
 RETURNS numeric
 LANGUAGE plpgsql
AS $function$
/*************************************************************************
 *
 ************************************************************************/
DECLARE
 v_amount  hr_movement.amount%TYPE;

BEGIN
 -- Get  amount or qty
 BEGIN
  SELECT CASE WHEN m.amount is not null and m.amount <> 0 then m.amount
                ELSE COALESCE(m.qty,0) END
  INTO v_amount
  FROM hr_movement m
                       ,hr_concept c
  WHERE m.hr_concept_id= c.hr_concept_id
                AND     c.ad_client_id = m.ad_client_id
                AND     m.hr_process_id = phr_process_id
                AND     m.c_bpartner_id = pc_bpartner_id
                AND     c.value = pvalueconcept;

 EXCEPTION
  WHEN OTHERS THEN
                v_amount :=0;
             RAISE NOTICE 'getamountconcept - %', SQLERRM;
   RETURN NULL;
 END;

 RETURN v_amount;
END;

$function$
;
]]>
        </statement>
    </SQLStatement>
</idempiere>
