<?xml version="1.0" encoding="UTF-8"?><idempiere Name="ReportSalarios" Version="1.0" idempiereVersion="" DataBaseVersion="" Description="" Author="" AuthorEmail="" CreatedDate="2020-06-18 19:44:40.652" UpdatedDate="2020-06-18 19:44:40.652" PackOutVersion="100" UpdateDictionary="false" Client="0-SYSTEM-System" AD_Client_UU="11237b53-9592-4af1-b3c5-afd216514b5d">
    <AD_Menu type="table">
        <Parent_ID reference="id">53114</Parent_ID>
        <SeqNo>0</SeqNo>
        <AD_Client_ID>0</AD_Client_ID>
        <AD_Org_ID>0</AD_Org_ID>
        <Name>Report Salarios</Name>
        <Description>Report Salarios</Description>
        <Action/>
        <AD_Window_ID reference="id"/>
        <AD_Workflow_ID reference="id"/>
        <AD_Task_ID reference="id"/>
        <IsActive>Y</IsActive>
        <IsSummary>Y</IsSummary>
        <AD_Process_ID reference="id"/>
        <IsSOTrx>Y</IsSOTrx>
        <AD_Form_ID reference="id"/>
        <IsReadOnly>N</IsReadOnly>
        <EntityType>SIT</EntityType>
        <IsCentrallyMaintained>N</IsCentrallyMaintained>
        <AD_Menu_UU>c19d70aa-5c8c-4fc1-a5e7-d04f0ad87530</AD_Menu_UU>
        <AD_InfoWindow_ID reference="id"/>
        <AD_Menu_Trl type="translation">
            <Name>Report Salarios</Name>
            <Description/>
            <AD_Language>pt_PT</AD_Language>
            <IsActive>Y</IsActive>
            <IsTranslated>N</IsTranslated>
        </AD_Menu_Trl>
        <AD_Menu_Trl type="translation">
            <Name>Report Salarios</Name>
            <Description/>
            <AD_Language>it_IT</AD_Language>
            <IsActive>Y</IsActive>
            <IsTranslated>N</IsTranslated>
        </AD_Menu_Trl>
        <AD_Menu_Trl type="translation">
            <Name>Report Salarios</Name>
            <Description/>
            <AD_Language>en_GB</AD_Language>
            <IsActive>Y</IsActive>
            <IsTranslated>N</IsTranslated>
        </AD_Menu_Trl>
        <AD_Menu type="table">
            <Parent_ID reference="uuid" reference-key="AD_Menu">c19d70aa-5c8c-4fc1-a5e7-d04f0ad87530</Parent_ID>
            <SeqNo>0</SeqNo>
            <AD_Client_ID>0</AD_Client_ID>
            <AD_Org_ID>0</AD_Org_ID>
            <Name>13001_ReciboSalario</Name>
            <Description/>
            <Action>R</Action>
            <AD_Window_ID reference="id"/>
            <AD_Workflow_ID reference="id"/>
            <AD_Task_ID reference="id"/>
            <IsActive>Y</IsActive>
            <IsSummary>N</IsSummary>
            <AD_Process_ID reference="uuid" reference-key="AD_Process">cee02096-12ef-4843-b39b-10d75b706294</AD_Process_ID>
            <IsSOTrx>Y</IsSOTrx>
            <AD_Form_ID reference="id"/>
            <IsReadOnly>N</IsReadOnly>
            <EntityType>ING_Payroll</EntityType>
            <IsCentrallyMaintained>Y</IsCentrallyMaintained>
            <AD_Menu_UU>4204adb8-3c74-4d24-bcf9-742544ee8ddc</AD_Menu_UU>
            <AD_InfoWindow_ID reference="id"/>
            <AD_Attachment type="table">
                <AD_Client_ID>0</AD_Client_ID>
                <AD_Org_ID>0</AD_Org_ID>
                <IsActive>Y</IsActive>
                <AD_Table_ID reference="id">284</AD_Table_ID>
                <Record_ID reference="uuid" reference-key="AD_Process">cee02096-12ef-4843-b39b-10d75b706294</Record_ID>
                <BinaryData>1.dat|byte[]</BinaryData>
                <Title>zip</Title>
                <TextMsg/>
                <AD_Attachment_UU>4fba8385-b5c6-4bbd-ba65-bd9cffdc020e</AD_Attachment_UU>
            </AD_Attachment>
            <AD_Process type="table">
                <AD_Client_ID>0</AD_Client_ID>
                <AD_Org_ID>0</AD_Org_ID>
                <IsActive>Y</IsActive>
                <Name>13001_ReciboSalario</Name>
                <Description/>
                <Help/>
                <ProcedureName/>
                <IsReport>N</IsReport>
                <Value>13001_ReciboSalario</Value>
                <IsDirectPrint>N</IsDirectPrint>
                <AD_ReportView_ID reference="id"/>
                <Classname/>
                <AccessLevel>3</AccessLevel>
                <EntityType>ING_Payroll</EntityType>
                <Statistic_Count>1</Statistic_Count>
                <Statistic_Seconds>4</Statistic_Seconds>
                <AD_PrintFormat_ID reference="id"/>
                <WorkflowValue/>
                <AD_Workflow_ID reference="id"/>
                <IsBetaFunctionality>N</IsBetaFunctionality>
                <IsServerProcess>N</IsServerProcess>
                <ShowHelp>Y</ShowHelp>
                <JasperReport>attachment:13001_ReciboSalario.jasper</JasperReport>
                <AD_Form_ID reference="id"/>
                <CopyFromProcess/>
                <AD_Process_UU>cee02096-12ef-4843-b39b-10d75b706294</AD_Process_UU>
                <AD_CtxHelp_ID reference="id"/>
                <ExecutionType/>
                <AllowMultipleExecution/>
                <AD_Process_Trl type="translation">
                    <Help/>
                    <Description/>
                    <Name>13001_ReciboSalario</Name>
                    <AD_Language>pt_PT</AD_Language>
                    <IsActive>Y</IsActive>
                    <IsTranslated>N</IsTranslated>
                </AD_Process_Trl>
                <AD_Process_Trl type="translation">
                    <Help/>
                    <Description/>
                    <Name>13001_ReciboSalario</Name>
                    <AD_Language>it_IT</AD_Language>
                    <IsActive>Y</IsActive>
                    <IsTranslated>N</IsTranslated>
                </AD_Process_Trl>
                <AD_Process_Trl type="translation">
                    <Help/>
                    <Description/>
                    <Name>13001_ReciboSalario</Name>
                    <AD_Language>en_GB</AD_Language>
                    <IsActive>Y</IsActive>
                    <IsTranslated>N</IsTranslated>
                </AD_Process_Trl>
                <AD_Reference type="table">
                    <AD_Reference_ID>19</AD_Reference_ID>
                    <AD_Client_ID>0</AD_Client_ID>
                    <AD_Org_ID>0</AD_Org_ID>
                    <AD_Reference_ID>19</AD_Reference_ID>
                    <Name>Table Direct</Name>
                    <Description>Direct Table Access</Description>
                    <Help/>
                    <ValidationType>D</ValidationType>
                    <IsActive>Y</IsActive>
                    <VFormat/>
                    <EntityType>QSSLEC_FE</EntityType>
                    <IsOrderByValue>N</IsOrderByValue>
                    <AD_Reference_UU>85767149-7019-4224-a8d0-41f0d9d77d47</AD_Reference_UU>
                    <AD_Element_ID reference="id"/>
                    <AD_Reference_Trl type="translation">
                        <Help/>
                        <Name>Table Direct</Name>
                        <Description>Direct Table Access</Description>
                        <AD_Language>en_GB</AD_Language>
                        <IsActive>Y</IsActive>
                        <IsTranslated>N</IsTranslated>
                    </AD_Reference_Trl>
                    <AD_Reference_Trl type="translation">
                        <Help/>
                        <Name>Table Direct</Name>
                        <Description>Direct Table Access</Description>
                        <AD_Language>it_IT</AD_Language>
                        <IsActive>Y</IsActive>
                        <IsTranslated>N</IsTranslated>
                    </AD_Reference_Trl>
                    <AD_Reference_Trl type="translation">
                        <Help/>
                        <Name>Table Direct</Name>
                        <Description>Direct Table Access</Description>
                        <AD_Language>pt_PT</AD_Language>
                        <IsActive>Y</IsActive>
                        <IsTranslated>N</IsTranslated>
                    </AD_Reference_Trl>
                </AD_Reference>
                <AD_Element type="table">
                    <AD_Element_ID>53393</AD_Element_ID>
                    <AD_Client_ID>0</AD_Client_ID>
                    <AD_Org_ID>0</AD_Org_ID>
                    <AD_Element_ID>53393</AD_Element_ID>
                    <IsActive>Y</IsActive>
                    <ColumnName>HR_Payroll_ID</ColumnName>
                    <Name>Payroll</Name>
                    <Description/>
                    <Help/>
                    <PrintName>Payroll</PrintName>
                    <PO_Description/>
                    <PO_Help/>
                    <PO_Name/>
                    <PO_PrintName/>
                    <EntityType>EE02</EntityType>
                    <AD_Element_UU>4fa0b210-aecc-4b4f-a445-ef2844fe0267</AD_Element_UU>
                    <Placeholder/>
                    <AD_Element_Trl type="translation">
                        <Help/>
                        <PO_Description/>
                        <PO_Help/>
                        <Name>Payroll</Name>
                        <Description/>
                        <PrintName>Payroll</PrintName>
                        <PO_Name/>
                        <PO_PrintName/>
                        <Placeholder/>
                        <AD_Language>en_GB</AD_Language>
                        <IsActive>Y</IsActive>
                        <IsTranslated>N</IsTranslated>
                    </AD_Element_Trl>
                    <AD_Element_Trl type="translation">
                        <Help/>
                        <PO_Description/>
                        <PO_Help/>
                        <Name>Libro Paga</Name>
                        <Description/>
                        <PrintName>Libro Paga</PrintName>
                        <PO_Name/>
                        <PO_PrintName/>
                        <Placeholder/>
                        <AD_Language>it_IT</AD_Language>
                        <IsActive>Y</IsActive>
                        <IsTranslated>Y</IsTranslated>
                    </AD_Element_Trl>
                    <AD_Element_Trl type="translation">
                        <Help/>
                        <PO_Description/>
                        <PO_Help/>
                        <Name>Payroll</Name>
                        <Description/>
                        <PrintName>Payroll</PrintName>
                        <PO_Name/>
                        <PO_PrintName/>
                        <Placeholder/>
                        <AD_Language>pt_PT</AD_Language>
                        <IsActive>Y</IsActive>
                        <IsTranslated>N</IsTranslated>
                    </AD_Element_Trl>
                </AD_Element>
                <AD_Process_Para type="table">
                    <AD_Client_ID>0</AD_Client_ID>
                    <AD_Org_ID>0</AD_Org_ID>
                    <IsActive>Y</IsActive>
                    <Name>Definición de Nómina</Name>
                    <Description/>
                    <Help>HR Payroll Process iDempiere</Help>
                    <AD_Process_ID reference="uuid" reference-key="AD_Process">cee02096-12ef-4843-b39b-10d75b706294</AD_Process_ID>
                    <SeqNo>30</SeqNo>
                    <AD_Reference_ID reference="id">19</AD_Reference_ID>
                    <AD_Reference_Value_ID reference="id"/>
                    <IsRange>N</IsRange>
                    <AD_Val_Rule_ID reference="id"/>
                    <FieldLength>0</FieldLength>
                    <IsMandatory>Y</IsMandatory>
                    <DefaultValue>1000035</DefaultValue>
                    <VFormat/>
                    <ValueMin/>
                    <ValueMax/>
                    <ColumnName>HR_Payroll_ID</ColumnName>
                    <DefaultValue2/>
                    <IsCentrallyMaintained>N</IsCentrallyMaintained>
                    <EntityType>ING_Payroll</EntityType>
                    <AD_Element_ID reference="id">53393</AD_Element_ID>
                    <ReadOnlyLogic/>
                    <DisplayLogic/>
                    <AD_Process_Para_UU>b7309b67-11b6-4cc4-9d80-dbeca139f513</AD_Process_Para_UU>
                    <IsEncrypted>N</IsEncrypted>
                    <MandatoryLogic/>
                    <Placeholder/>
                    <Placeholder2/>
                    <IsAutocomplete>N</IsAutocomplete>
                    <AD_Process_Para_Trl type="translation">
                        <Help>HR Payroll Process iDempiere</Help>
                        <Name>Definición de Nómina</Name>
                        <Description/>
                        <Placeholder/>
                        <Placeholder2/>
                        <AD_Language>pt_PT</AD_Language>
                        <IsActive>Y</IsActive>
                        <IsTranslated>N</IsTranslated>
                    </AD_Process_Para_Trl>
                    <AD_Process_Para_Trl type="translation">
                        <Help>HR Payroll Process iDempiere</Help>
                        <Name>Definición de Nómina</Name>
                        <Description/>
                        <Placeholder/>
                        <Placeholder2/>
                        <AD_Language>it_IT</AD_Language>
                        <IsActive>Y</IsActive>
                        <IsTranslated>N</IsTranslated>
                    </AD_Process_Para_Trl>
                    <AD_Process_Para_Trl type="translation">
                        <Help>HR Payroll Process iDempiere</Help>
                        <Name>Definición de Nómina</Name>
                        <Description/>
                        <Placeholder/>
                        <Placeholder2/>
                        <AD_Language>en_GB</AD_Language>
                        <IsActive>Y</IsActive>
                        <IsTranslated>N</IsTranslated>
                    </AD_Process_Para_Trl>
                </AD_Process_Para>
                <AD_Reference type="table">
                    <AD_Reference_ID>30</AD_Reference_ID>
                    <AD_Client_ID>0</AD_Client_ID>
                    <AD_Org_ID>0</AD_Org_ID>
                    <AD_Reference_ID>30</AD_Reference_ID>
                    <Name>Search</Name>
                    <Description>Search Field</Description>
                    <Help/>
                    <ValidationType>D</ValidationType>
                    <IsActive>Y</IsActive>
                    <VFormat/>
                    <EntityType>MERP</EntityType>
                    <IsOrderByValue>N</IsOrderByValue>
                    <AD_Reference_UU>199e084e-6ad2-4bcd-8f5e-fdd08f4c0748</AD_Reference_UU>
                    <AD_Element_ID reference="id"/>
                    <AD_Reference_Trl type="translation">
                        <Help/>
                        <Name>Search</Name>
                        <Description>Search Field</Description>
                        <AD_Language>en_GB</AD_Language>
                        <IsActive>Y</IsActive>
                        <IsTranslated>N</IsTranslated>
                    </AD_Reference_Trl>
                    <AD_Reference_Trl type="translation">
                        <Help/>
                        <Name>Search</Name>
                        <Description>Search Field</Description>
                        <AD_Language>it_IT</AD_Language>
                        <IsActive>Y</IsActive>
                        <IsTranslated>N</IsTranslated>
                    </AD_Reference_Trl>
                    <AD_Reference_Trl type="translation">
                        <Help/>
                        <Name>Search</Name>
                        <Description>Search Field</Description>
                        <AD_Language>pt_PT</AD_Language>
                        <IsActive>Y</IsActive>
                        <IsTranslated>N</IsTranslated>
                    </AD_Reference_Trl>
                </AD_Reference>
                <AD_Reference type="table">
                    <AD_Reference_ID>53253</AD_Reference_ID>
                    <AD_Client_ID>0</AD_Client_ID>
                    <AD_Org_ID>0</AD_Org_ID>
                    <AD_Reference_ID>53253</AD_Reference_ID>
                    <Name>HR_Process</Name>
                    <Description/>
                    <Help/>
                    <ValidationType>T</ValidationType>
                    <IsActive>Y</IsActive>
                    <VFormat/>
                    <EntityType>EE02</EntityType>
                    <IsOrderByValue>N</IsOrderByValue>
                    <AD_Reference_UU>10d547b8-6496-4510-a15c-51764b831617</AD_Reference_UU>
                    <AD_Element_ID reference="id"/>
                    <AD_Reference_Trl type="translation">
                        <Help/>
                        <Name>HR_Process</Name>
                        <Description/>
                        <AD_Language>en_GB</AD_Language>
                        <IsActive>Y</IsActive>
                        <IsTranslated>N</IsTranslated>
                    </AD_Reference_Trl>
                    <AD_Reference_Trl type="translation">
                        <Help/>
                        <Name>HR_Process</Name>
                        <Description/>
                        <AD_Language>it_IT</AD_Language>
                        <IsActive>Y</IsActive>
                        <IsTranslated>Y</IsTranslated>
                    </AD_Reference_Trl>
                    <AD_Reference_Trl type="translation">
                        <Help/>
                        <Name>HR_Process</Name>
                        <Description/>
                        <AD_Language>pt_PT</AD_Language>
                        <IsActive>Y</IsActive>
                        <IsTranslated>N</IsTranslated>
                    </AD_Reference_Trl>
                    <AD_Ref_Table type="table">
                        <AD_Reference_ID>53253</AD_Reference_ID>
                        <AD_Client_ID>0</AD_Client_ID>
                        <AD_Org_ID>0</AD_Org_ID>
                        <AD_Reference_ID reference="id">53253</AD_Reference_ID>
                        <AD_Table_ID reference="id">53092</AD_Table_ID>
                        <WhereClause/>
                        <OrderByClause/>
                        <IsActive>Y</IsActive>
                        <IsValueDisplayed>N</IsValueDisplayed>
                        <EntityType>EE02</EntityType>
                        <AD_Window_ID reference="id"/>
                        <AD_Ref_Table_UU>f48395be-3683-4bbc-a86b-a6a419a02e4c</AD_Ref_Table_UU>
                        <AD_InfoWindow_ID reference="id"/>
                        <AD_Display reference="id">54870</AD_Display>
                        <AD_Key reference="id">54860</AD_Key>
                    </AD_Ref_Table>
                </AD_Reference>
                <AD_Val_Rule type="table">
                    <AD_Client_ID>0</AD_Client_ID>
                    <AD_Org_ID>0</AD_Org_ID>
                    <Name>HR_ProcessProcessed</Name>
                    <Description/>
                    <Type>S</Type>
                    <Code>HR_Process_ID IN (SELECT HR_Process_ID FROM HR_Process WHERE Processed = 'Y')</Code>
                    <IsActive>Y</IsActive>
                    <EntityType>ING_Payroll</EntityType>
                    <AD_Val_Rule_UU>dfcaceaf-971c-460e-b949-42f86e7c0ce6</AD_Val_Rule_UU>
                </AD_Val_Rule>
                <AD_Process_Para type="table">
                    <AD_Client_ID>0</AD_Client_ID>
                    <AD_Org_ID>0</AD_Org_ID>
                    <IsActive>Y</IsActive>
                    <Name>Payroll Process</Name>
                    <Description/>
                    <Help/>
                    <AD_Process_ID reference="uuid" reference-key="AD_Process">cee02096-12ef-4843-b39b-10d75b706294</AD_Process_ID>
                    <SeqNo>10</SeqNo>
                    <AD_Reference_ID reference="id">30</AD_Reference_ID>
                    <AD_Reference_Value_ID reference="id">53253</AD_Reference_Value_ID>
                    <IsRange>N</IsRange>
                    <AD_Val_Rule_ID reference="uuid" reference-key="AD_Val_Rule">dfcaceaf-971c-460e-b949-42f86e7c0ce6</AD_Val_Rule_ID>
                    <FieldLength>0</FieldLength>
                    <IsMandatory>Y</IsMandatory>
                    <DefaultValue/>
                    <VFormat/>
                    <ValueMin/>
                    <ValueMax/>
                    <ColumnName>HR_Process_ID</ColumnName>
                    <DefaultValue2/>
                    <IsCentrallyMaintained>N</IsCentrallyMaintained>
                    <EntityType>ING_Payroll</EntityType>
                    <AD_Element_ID reference="id"/>
                    <ReadOnlyLogic/>
                    <DisplayLogic/>
                    <AD_Process_Para_UU>5e469ede-1f51-4af7-9e56-ab4571710946</AD_Process_Para_UU>
                    <IsEncrypted>N</IsEncrypted>
                    <MandatoryLogic/>
                    <Placeholder/>
                    <Placeholder2/>
                    <IsAutocomplete>N</IsAutocomplete>
                    <AD_Process_Para_Trl type="translation">
                        <Help/>
                        <Name>Payroll Process</Name>
                        <Description/>
                        <Placeholder/>
                        <Placeholder2/>
                        <AD_Language>pt_PT</AD_Language>
                        <IsActive>Y</IsActive>
                        <IsTranslated>N</IsTranslated>
                    </AD_Process_Para_Trl>
                    <AD_Process_Para_Trl type="translation">
                        <Help/>
                        <Name>Payroll Process</Name>
                        <Description/>
                        <Placeholder/>
                        <Placeholder2/>
                        <AD_Language>it_IT</AD_Language>
                        <IsActive>Y</IsActive>
                        <IsTranslated>N</IsTranslated>
                    </AD_Process_Para_Trl>
                    <AD_Process_Para_Trl type="translation">
                        <Help/>
                        <Name>Payroll Process</Name>
                        <Description/>
                        <Placeholder/>
                        <Placeholder2/>
                        <AD_Language>en_GB</AD_Language>
                        <IsActive>Y</IsActive>
                        <IsTranslated>N</IsTranslated>
                    </AD_Process_Para_Trl>
                </AD_Process_Para>
                <AD_Val_Rule type="table">
                    <AD_Val_Rule_ID>52012</AD_Val_Rule_ID>
                    <AD_Client_ID>0</AD_Client_ID>
                    <AD_Org_ID>0</AD_Org_ID>
                    <AD_Val_Rule_ID>52012</AD_Val_Rule_ID>
                    <Name>HRPayroll Only Employee</Name>
                    <Description/>
                    <Type>S</Type>
                    <Code>C_BPartner.IsEmployee = 'Y'</Code>
                    <IsActive>Y</IsActive>
                    <EntityType>EE02</EntityType>
                    <AD_Val_Rule_UU>2316e565-4c5e-4302-9962-19ec190801f7</AD_Val_Rule_UU>
                </AD_Val_Rule>
                <AD_Process_Para type="table">
                    <AD_Client_ID>0</AD_Client_ID>
                    <AD_Org_ID>0</AD_Org_ID>
                    <IsActive>Y</IsActive>
                    <Name>Business Partner </Name>
                    <Description>Identifies a Business Partner</Description>
                    <Help>A Business Partner is anyone with whom you transact.  This can include Vendor, Customer, Employee or Salesperson</Help>
                    <AD_Process_ID reference="uuid" reference-key="AD_Process">cee02096-12ef-4843-b39b-10d75b706294</AD_Process_ID>
                    <SeqNo>20</SeqNo>
                    <AD_Reference_ID reference="id">30</AD_Reference_ID>
                    <AD_Reference_Value_ID reference="id">252</AD_Reference_Value_ID>
                    <IsRange>N</IsRange>
                    <AD_Val_Rule_ID reference="id">52012</AD_Val_Rule_ID>
                    <FieldLength>0</FieldLength>
                    <IsMandatory>N</IsMandatory>
                    <DefaultValue/>
                    <VFormat/>
                    <ValueMin/>
                    <ValueMax/>
                    <ColumnName>C_BPartner_ID</ColumnName>
                    <DefaultValue2/>
                    <IsCentrallyMaintained>Y</IsCentrallyMaintained>
                    <EntityType>ING_Payroll</EntityType>
                    <AD_Element_ID reference="id">187</AD_Element_ID>
                    <ReadOnlyLogic/>
                    <DisplayLogic/>
                    <AD_Process_Para_UU>9ca0656a-dcb8-411a-976b-64714db49900</AD_Process_Para_UU>
                    <IsEncrypted>N</IsEncrypted>
                    <MandatoryLogic/>
                    <Placeholder/>
                    <Placeholder2/>
                    <IsAutocomplete>N</IsAutocomplete>
                    <AD_Process_Para_Trl type="translation">
                        <Help>A Business Partner is anyone with whom you transact.  This can include Vendor, Customer, Employee or Salesperson</Help>
                        <Name>Business Partner </Name>
                        <Description>Identifies a Business Partner</Description>
                        <Placeholder/>
                        <Placeholder2/>
                        <AD_Language>pt_PT</AD_Language>
                        <IsActive>Y</IsActive>
                        <IsTranslated>N</IsTranslated>
                    </AD_Process_Para_Trl>
                    <AD_Process_Para_Trl type="translation">
                        <Help>A Business Partner is anyone with whom you transact.  This can include Vendor, Customer, Employee or Salesperson</Help>
                        <Name>Business Partner </Name>
                        <Description>Identifies a Business Partner</Description>
                        <Placeholder/>
                        <Placeholder2/>
                        <AD_Language>it_IT</AD_Language>
                        <IsActive>Y</IsActive>
                        <IsTranslated>N</IsTranslated>
                    </AD_Process_Para_Trl>
                    <AD_Process_Para_Trl type="translation">
                        <Help>A Business Partner is anyone with whom you transact.  This can include Vendor, Customer, Employee or Salesperson</Help>
                        <Name>Business Partner </Name>
                        <Description>Identifies a Business Partner</Description>
                        <Placeholder/>
                        <Placeholder2/>
                        <AD_Language>en_GB</AD_Language>
                        <IsActive>Y</IsActive>
                        <IsTranslated>N</IsTranslated>
                    </AD_Process_Para_Trl>
                </AD_Process_Para>
            </AD_Process>
        </AD_Menu>
        <AD_Menu type="table">
            <Parent_ID reference="uuid" reference-key="AD_Menu">c19d70aa-5c8c-4fc1-a5e7-d04f0ad87530</Parent_ID>
            <SeqNo>1</SeqNo>
            <AD_Client_ID>0</AD_Client_ID>
            <AD_Org_ID>0</AD_Org_ID>
            <Name>13002_ResumoCross</Name>
            <Description>13002_ResumoCross</Description>
            <Action>R</Action>
            <AD_Window_ID reference="id"/>
            <AD_Workflow_ID reference="id"/>
            <AD_Task_ID reference="id"/>
            <IsActive>Y</IsActive>
            <IsSummary>N</IsSummary>
            <AD_Process_ID reference="uuid" reference-key="AD_Process">e0216893-f991-42bf-9ef3-35bf61a38211</AD_Process_ID>
            <IsSOTrx>Y</IsSOTrx>
            <AD_Form_ID reference="id"/>
            <IsReadOnly>N</IsReadOnly>
            <EntityType>ING_Payroll</EntityType>
            <IsCentrallyMaintained>N</IsCentrallyMaintained>
            <AD_Menu_UU>f1ec10f1-e932-4e52-b2e2-4d4e9106607c</AD_Menu_UU>
            <AD_InfoWindow_ID reference="id"/>
            <AD_Attachment type="table">
                <AD_Client_ID>0</AD_Client_ID>
                <AD_Org_ID>0</AD_Org_ID>
                <IsActive>Y</IsActive>
                <AD_Table_ID reference="id">284</AD_Table_ID>
                <Record_ID reference="uuid" reference-key="AD_Process">e0216893-f991-42bf-9ef3-35bf61a38211</Record_ID>
                <BinaryData>2.dat|byte[]</BinaryData>
                <Title>zip</Title>
                <TextMsg/>
                <AD_Attachment_UU>88c2406e-c489-4b3f-aff7-a4be4ba10b25</AD_Attachment_UU>
            </AD_Attachment>
            <AD_Process type="table">
                <AD_Client_ID>0</AD_Client_ID>
                <AD_Org_ID>0</AD_Org_ID>
                <IsActive>Y</IsActive>
                <Name>13002_ResumoCross</Name>
                <Description>13002_ResumoCross</Description>
                <Help/>
                <ProcedureName/>
                <IsReport>N</IsReport>
                <Value>13002_ResumoCross</Value>
                <IsDirectPrint>N</IsDirectPrint>
                <AD_ReportView_ID reference="id"/>
                <Classname/>
                <AccessLevel>6</AccessLevel>
                <EntityType>ING_Payroll</EntityType>
                <Statistic_Count>0</Statistic_Count>
                <Statistic_Seconds>0</Statistic_Seconds>
                <AD_PrintFormat_ID reference="id"/>
                <WorkflowValue/>
                <AD_Workflow_ID reference="id"/>
                <IsBetaFunctionality>N</IsBetaFunctionality>
                <IsServerProcess>N</IsServerProcess>
                <ShowHelp>Y</ShowHelp>
                <JasperReport>attachment:13002_ResumoCross.jasper</JasperReport>
                <AD_Form_ID reference="id"/>
                <CopyFromProcess>N</CopyFromProcess>
                <AD_Process_UU>e0216893-f991-42bf-9ef3-35bf61a38211</AD_Process_UU>
                <AD_CtxHelp_ID reference="id"/>
                <ExecutionType/>
                <AllowMultipleExecution/>
                <AD_Process_Trl type="translation">
                    <Help/>
                    <Description>PayRollGeneralCrosstab</Description>
                    <Name>PayRollGeneralCrosstab</Name>
                    <AD_Language>pt_PT</AD_Language>
                    <IsActive>Y</IsActive>
                    <IsTranslated>N</IsTranslated>
                </AD_Process_Trl>
                <AD_Process_Trl type="translation">
                    <Help/>
                    <Description>PayRollGeneralCrosstab</Description>
                    <Name>PayRollGeneralCrosstab</Name>
                    <AD_Language>it_IT</AD_Language>
                    <IsActive>Y</IsActive>
                    <IsTranslated>N</IsTranslated>
                </AD_Process_Trl>
                <AD_Process_Trl type="translation">
                    <Help/>
                    <Description>PayRollGeneralCrosstab</Description>
                    <Name>PayRollGeneralCrosstab</Name>
                    <AD_Language>en_GB</AD_Language>
                    <IsActive>Y</IsActive>
                    <IsTranslated>N</IsTranslated>
                </AD_Process_Trl>
                <AD_Element type="table">
                    <AD_Element_ID>53407</AD_Element_ID>
                    <AD_Client_ID>0</AD_Client_ID>
                    <AD_Org_ID>0</AD_Org_ID>
                    <AD_Element_ID>53407</AD_Element_ID>
                    <IsActive>Y</IsActive>
                    <ColumnName>HR_Process_ID</ColumnName>
                    <Name>Payroll Process</Name>
                    <Description/>
                    <Help/>
                    <PrintName>Payroll Process</PrintName>
                    <PO_Description/>
                    <PO_Help/>
                    <PO_Name/>
                    <PO_PrintName/>
                    <EntityType>EE02</EntityType>
                    <AD_Element_UU>b845e21b-69a7-4607-a358-161b3c6e7ce7</AD_Element_UU>
                    <Placeholder/>
                    <AD_Element_Trl type="translation">
                        <Help/>
                        <PO_Description/>
                        <PO_Help/>
                        <Name>Payroll Process</Name>
                        <Description/>
                        <PrintName>Payroll Process</PrintName>
                        <PO_Name/>
                        <PO_PrintName/>
                        <Placeholder/>
                        <AD_Language>en_GB</AD_Language>
                        <IsActive>Y</IsActive>
                        <IsTranslated>N</IsTranslated>
                    </AD_Element_Trl>
                    <AD_Element_Trl type="translation">
                        <Help/>
                        <PO_Description/>
                        <PO_Help/>
                        <Name>Processo Libro Paga</Name>
                        <Description/>
                        <PrintName>Processo Libro Paga</PrintName>
                        <PO_Name/>
                        <PO_PrintName/>
                        <Placeholder/>
                        <AD_Language>it_IT</AD_Language>
                        <IsActive>Y</IsActive>
                        <IsTranslated>Y</IsTranslated>
                    </AD_Element_Trl>
                    <AD_Element_Trl type="translation">
                        <Help/>
                        <PO_Description/>
                        <PO_Help/>
                        <Name>Payroll Process</Name>
                        <Description/>
                        <PrintName>Payroll Process</PrintName>
                        <PO_Name/>
                        <PO_PrintName/>
                        <Placeholder/>
                        <AD_Language>pt_PT</AD_Language>
                        <IsActive>Y</IsActive>
                        <IsTranslated>N</IsTranslated>
                    </AD_Element_Trl>
                </AD_Element>
                <AD_Process_Para type="table">
                    <AD_Client_ID>0</AD_Client_ID>
                    <AD_Org_ID>0</AD_Org_ID>
                    <IsActive>Y</IsActive>
                    <Name>Payroll Process</Name>
                    <Description/>
                    <Help/>
                    <AD_Process_ID reference="uuid" reference-key="AD_Process">e0216893-f991-42bf-9ef3-35bf61a38211</AD_Process_ID>
                    <SeqNo>10</SeqNo>
                    <AD_Reference_ID reference="id">30</AD_Reference_ID>
                    <AD_Reference_Value_ID reference="id"/>
                    <IsRange>N</IsRange>
                    <AD_Val_Rule_ID reference="id"/>
                    <FieldLength>0</FieldLength>
                    <IsMandatory>Y</IsMandatory>
                    <DefaultValue/>
                    <VFormat/>
                    <ValueMin/>
                    <ValueMax/>
                    <ColumnName>HR_Process_ID</ColumnName>
                    <DefaultValue2/>
                    <IsCentrallyMaintained>N</IsCentrallyMaintained>
                    <EntityType>ING_Payroll</EntityType>
                    <AD_Element_ID reference="id">53407</AD_Element_ID>
                    <ReadOnlyLogic/>
                    <DisplayLogic/>
                    <AD_Process_Para_UU>89a87149-f256-47d1-821d-c1e34f3b5fcd</AD_Process_Para_UU>
                    <IsEncrypted>N</IsEncrypted>
                    <MandatoryLogic/>
                    <Placeholder/>
                    <Placeholder2/>
                    <IsAutocomplete>N</IsAutocomplete>
                    <AD_Process_Para_Trl type="translation">
                        <Help/>
                        <Name>Payroll Process</Name>
                        <Description/>
                        <Placeholder/>
                        <Placeholder2/>
                        <AD_Language>pt_PT</AD_Language>
                        <IsActive>Y</IsActive>
                        <IsTranslated>N</IsTranslated>
                    </AD_Process_Para_Trl>
                    <AD_Process_Para_Trl type="translation">
                        <Help/>
                        <Name>Payroll Process</Name>
                        <Description/>
                        <Placeholder/>
                        <Placeholder2/>
                        <AD_Language>it_IT</AD_Language>
                        <IsActive>Y</IsActive>
                        <IsTranslated>N</IsTranslated>
                    </AD_Process_Para_Trl>
                    <AD_Process_Para_Trl type="translation">
                        <Help/>
                        <Name>Payroll Process</Name>
                        <Description/>
                        <Placeholder/>
                        <Placeholder2/>
                        <AD_Language>en_GB</AD_Language>
                        <IsActive>Y</IsActive>
                        <IsTranslated>N</IsTranslated>
                    </AD_Process_Para_Trl>
                </AD_Process_Para>
                <AD_Process_Para type="table">
                    <AD_Client_ID>0</AD_Client_ID>
                    <AD_Org_ID>0</AD_Org_ID>
                    <IsActive>Y</IsActive>
                    <Name>Business Partner </Name>
                    <Description>Identifies a Business Partner</Description>
                    <Help>A Business Partner is anyone with whom you transact.  This can include Vendor, Customer, Employee or Salesperson</Help>
                    <AD_Process_ID reference="uuid" reference-key="AD_Process">e0216893-f991-42bf-9ef3-35bf61a38211</AD_Process_ID>
                    <SeqNo>20</SeqNo>
                    <AD_Reference_ID reference="id">30</AD_Reference_ID>
                    <AD_Reference_Value_ID reference="id"/>
                    <IsRange>N</IsRange>
                    <AD_Val_Rule_ID reference="id">52012</AD_Val_Rule_ID>
                    <FieldLength>0</FieldLength>
                    <IsMandatory>N</IsMandatory>
                    <DefaultValue/>
                    <VFormat/>
                    <ValueMin/>
                    <ValueMax/>
                    <ColumnName>C_BPartner_ID</ColumnName>
                    <DefaultValue2/>
                    <IsCentrallyMaintained>N</IsCentrallyMaintained>
                    <EntityType>ING_Payroll</EntityType>
                    <AD_Element_ID reference="id">187</AD_Element_ID>
                    <ReadOnlyLogic/>
                    <DisplayLogic/>
                    <AD_Process_Para_UU>7059424b-9c8f-4225-a26f-f34b7454207e</AD_Process_Para_UU>
                    <IsEncrypted>N</IsEncrypted>
                    <MandatoryLogic/>
                    <Placeholder/>
                    <Placeholder2/>
                    <IsAutocomplete>N</IsAutocomplete>
                    <AD_Process_Para_Trl type="translation">
                        <Help>A Business Partner is anyone with whom you transact.  This can include Vendor, Customer, Employee or Salesperson</Help>
                        <Name>Business Partner </Name>
                        <Description>Identifies a Business Partner</Description>
                        <Placeholder/>
                        <Placeholder2/>
                        <AD_Language>pt_PT</AD_Language>
                        <IsActive>Y</IsActive>
                        <IsTranslated>N</IsTranslated>
                    </AD_Process_Para_Trl>
                    <AD_Process_Para_Trl type="translation">
                        <Help>A Business Partner is anyone with whom you transact.  This can include Vendor, Customer, Employee or Salesperson</Help>
                        <Name>Business Partner </Name>
                        <Description>Identifies a Business Partner</Description>
                        <Placeholder/>
                        <Placeholder2/>
                        <AD_Language>it_IT</AD_Language>
                        <IsActive>Y</IsActive>
                        <IsTranslated>N</IsTranslated>
                    </AD_Process_Para_Trl>
                    <AD_Process_Para_Trl type="translation">
                        <Help>A Business Partner is anyone with whom you transact.  This can include Vendor, Customer, Employee or Salesperson</Help>
                        <Name>Business Partner </Name>
                        <Description>Identifies a Business Partner</Description>
                        <Placeholder/>
                        <Placeholder2/>
                        <AD_Language>en_GB</AD_Language>
                        <IsActive>Y</IsActive>
                        <IsTranslated>N</IsTranslated>
                    </AD_Process_Para_Trl>
                </AD_Process_Para>
            </AD_Process>
        </AD_Menu>
    </AD_Menu>
</idempiere>
