<?xml version="1.0" encoding="UTF-8"?><idempiere Name="AD_Menu" Version="1.0.0" idempiereVersion="7.1.0.202006031701" DataBaseVersion="2019-11-22" Description="" Author="Orlando Curieles" AuthorEmail="" CreatedDate="Thu Jun 11 13:04:56 ECT 2020" UpdatedDate="Thu Jun 11 13:04:56 ECT 2020" PackOutVersion="100" UpdateDictionary="true" Client="0-SYSTEM-System" AD_Client_UU="11237b53-9592-4af1-b3c5-afd216514b5d">
    <AD_Menu type="table">
        <Parent_ID reference="uuid" reference-key="AD_Menu">94506723-e8c7-4821-a05e-f1d982e7e4d2</Parent_ID>
        <SeqNo>5</SeqNo>
        <AD_Client_ID>0</AD_Client_ID>
        <AD_Org_ID>0</AD_Org_ID>
        <Name>HR_ComprobantePagoNominaJasper</Name>
        <Description/>
        <Action>R</Action>
        <AD_Window_ID reference="id"/>
        <AD_Workflow_ID reference="id"/>
        <AD_Task_ID reference="id"/>
        <IsActive>Y</IsActive>
        <IsSummary>N</IsSummary>
        <AD_Process_ID reference="uuid" reference-key="AD_Process">cee02096-12ef-4843-b39b-10d75b706294</AD_Process_ID>
        <IsSOTrx>Y</IsSOTrx>
        <AD_Form_ID reference="id"/>
        <IsReadOnly>N</IsReadOnly>
        <EntityType>ING_Payroll</EntityType>
        <IsCentrallyMaintained>Y</IsCentrallyMaintained>
        <AD_Menu_UU>4204adb8-3c74-4d24-bcf9-742544ee8ddc</AD_Menu_UU>
        <AD_InfoWindow_ID reference="id"/>
        <AD_Menu_Trl type="translation">
            <Description>Rol de Pagos</Description>
            <Name>Rol de Pagos</Name>
            <AD_Language>es_EC</AD_Language>
            <IsActive>Y</IsActive>
            <IsTranslated>N</IsTranslated>
        </AD_Menu_Trl>
        <AD_Attachment type="table">
            <AD_Client_ID>0</AD_Client_ID>
            <AD_Org_ID>0</AD_Org_ID>
            <IsActive>Y</IsActive>
            <AD_Table_ID reference="id">284</AD_Table_ID>
            <Record_ID reference="uuid" reference-key="AD_Process">cee02096-12ef-4843-b39b-10d75b706294</Record_ID>
            <BinaryData>1.dat|byte[]</BinaryData>
            <Title>zip</Title>
            <TextMsg/>
            <AD_Attachment_UU>4fba8385-b5c6-4bbd-ba65-bd9cffdc020e</AD_Attachment_UU>
        </AD_Attachment>
        <AD_Process type="table">
            <AD_Client_ID>0</AD_Client_ID>
            <AD_Org_ID>0</AD_Org_ID>
            <IsActive>Y</IsActive>
            <Name>HR_ComprobantePagoNominaJasper</Name>
            <Description/>
            <Help/>
            <ProcedureName/>
            <IsReport>N</IsReport>
            <Value>HR_ComprobantePagoNominaJasper</Value>
            <IsDirectPrint>N</IsDirectPrint>
            <AD_ReportView_ID reference="id"/>
            <Classname/>
            <AccessLevel>3</AccessLevel>
            <EntityType>ING_Payroll</EntityType>
            <Statistic_Count>1</Statistic_Count>
            <Statistic_Seconds>4</Statistic_Seconds>
            <AD_PrintFormat_ID reference="id"/>
            <WorkflowValue/>
            <AD_Workflow_ID reference="id"/>
            <IsBetaFunctionality>N</IsBetaFunctionality>
            <IsServerProcess>N</IsServerProcess>
            <ShowHelp>Y</ShowHelp>
            <JasperReport>attachment:rptRolEmpInd.jasper</JasperReport>
            <AD_Form_ID reference="id"/>
            <CopyFromProcess/>
            <AD_Process_UU>cee02096-12ef-4843-b39b-10d75b706294</AD_Process_UU>
            <AD_CtxHelp_ID reference="id"/>
            <ExecutionType/>
            <AllowMultipleExecution/>
            <AD_Process_Trl type="translation">
                <Description>Rol de Pagos</Description>
                <Help/>
                <Name>Rol de Pagos</Name>
                <AD_Language>es_EC</AD_Language>
                <IsActive>Y</IsActive>
                <IsTranslated>N</IsTranslated>
            </AD_Process_Trl>
            <AD_Reference type="table">
                <AD_Reference_ID>19</AD_Reference_ID>
                <AD_Client_ID>0</AD_Client_ID>
                <AD_Org_ID>0</AD_Org_ID>
                <AD_Reference_ID>19</AD_Reference_ID>
                <Name>Table Direct</Name>
                <Description>Direct Table Access</Description>
                <Help/>
                <ValidationType>D</ValidationType>
                <IsActive>Y</IsActive>
                <VFormat/>
                <EntityType>QSSLEC_FE</EntityType>
                <IsOrderByValue>N</IsOrderByValue>
                <AD_Reference_UU>85767149-7019-4224-a8d0-41f0d9d77d47</AD_Reference_UU>
                <AD_Element_ID reference="id"/>
                <AD_Reference_Trl type="translation">
                    <Description>Acceso directo de tabla</Description>
                    <Help/>
                    <Name>Tabla Directa</Name>
                    <AD_Language>es_EC</AD_Language>
                    <IsActive>Y</IsActive>
                    <IsTranslated>Y</IsTranslated>
                </AD_Reference_Trl>
            </AD_Reference>
            <AD_Element type="table">
                <AD_Element_ID>53393</AD_Element_ID>
                <AD_Client_ID>0</AD_Client_ID>
                <AD_Org_ID>0</AD_Org_ID>
                <AD_Element_ID>53393</AD_Element_ID>
                <IsActive>Y</IsActive>
                <ColumnName>HR_Payroll_ID</ColumnName>
                <Name>Payroll</Name>
                <Description/>
                <Help/>
                <PrintName>Payroll</PrintName>
                <PO_Description/>
                <PO_Help/>
                <PO_Name/>
                <PO_PrintName/>
                <EntityType>EE02</EntityType>
                <AD_Element_UU>4fa0b210-aecc-4b4f-a445-ef2844fe0267</AD_Element_UU>
                <Placeholder/>
                <AD_Element_Trl type="translation">
                    <Description/>
                    <Help/>
                    <Name>Nómina</Name>
                    <Placeholder/>
                    <PO_Description/>
                    <PO_Help/>
                    <PO_Name/>
                    <PO_PrintName/>
                    <PrintName>Nómina</PrintName>
                    <AD_Language>es_EC</AD_Language>
                    <IsActive>Y</IsActive>
                    <IsTranslated>Y</IsTranslated>
                </AD_Element_Trl>
            </AD_Element>
            <AD_Process_Para type="table">
                <AD_Client_ID>0</AD_Client_ID>
                <AD_Org_ID>0</AD_Org_ID>
                <IsActive>Y</IsActive>
                <Name>Definición de Nómina</Name>
                <Description/>
                <Help>HR Payroll Process iDempiere</Help>
                <AD_Process_ID reference="uuid" reference-key="AD_Process">cee02096-12ef-4843-b39b-10d75b706294</AD_Process_ID>
                <SeqNo>30</SeqNo>
                <AD_Reference_ID reference="id">19</AD_Reference_ID>
                <AD_Reference_Value_ID reference="id"/>
                <IsRange>N</IsRange>
                <AD_Val_Rule_ID reference="id"/>
                <FieldLength>0</FieldLength>
                <IsMandatory>Y</IsMandatory>
                <DefaultValue>1000035</DefaultValue>
                <VFormat/>
                <ValueMin/>
                <ValueMax/>
                <ColumnName>HR_Payroll_ID</ColumnName>
                <DefaultValue2/>
                <IsCentrallyMaintained>N</IsCentrallyMaintained>
                <EntityType>ING_Payroll</EntityType>
                <AD_Element_ID reference="id">53393</AD_Element_ID>
                <ReadOnlyLogic/>
                <DisplayLogic/>
                <AD_Process_Para_UU>b7309b67-11b6-4cc4-9d80-dbeca139f513</AD_Process_Para_UU>
                <IsEncrypted>N</IsEncrypted>
                <MandatoryLogic/>
                <Placeholder/>
                <Placeholder2/>
                <AD_Process_Para_Trl type="translation">
                    <Description/>
                    <Help>HR Payroll Process iDempiere</Help>
                    <Name>Definición de Nómina</Name>
                    <Placeholder/>
                    <Placeholder2/>
                    <AD_Language>es_EC</AD_Language>
                    <IsActive>Y</IsActive>
                    <IsTranslated>N</IsTranslated>
                </AD_Process_Para_Trl>
            </AD_Process_Para>
            <AD_Reference type="table">
                <AD_Reference_ID>30</AD_Reference_ID>
                <AD_Client_ID>0</AD_Client_ID>
                <AD_Org_ID>0</AD_Org_ID>
                <AD_Reference_ID>30</AD_Reference_ID>
                <Name>Search</Name>
                <Description>Search Field</Description>
                <Help/>
                <ValidationType>D</ValidationType>
                <IsActive>Y</IsActive>
                <VFormat/>
                <EntityType>MERP</EntityType>
                <IsOrderByValue>N</IsOrderByValue>
                <AD_Reference_UU>199e084e-6ad2-4bcd-8f5e-fdd08f4c0748</AD_Reference_UU>
                <AD_Element_ID reference="id"/>
                <AD_Reference_Trl type="translation">
                    <Description>Campo de Búsqueda</Description>
                    <Help/>
                    <Name>Búsqueda</Name>
                    <AD_Language>es_EC</AD_Language>
                    <IsActive>Y</IsActive>
                    <IsTranslated>Y</IsTranslated>
                </AD_Reference_Trl>
            </AD_Reference>
            <AD_Reference type="table">
                <AD_Reference_ID>53253</AD_Reference_ID>
                <AD_Client_ID>0</AD_Client_ID>
                <AD_Org_ID>0</AD_Org_ID>
                <AD_Reference_ID>53253</AD_Reference_ID>
                <Name>HR_Process</Name>
                <Description/>
                <Help/>
                <ValidationType>T</ValidationType>
                <IsActive>Y</IsActive>
                <VFormat/>
                <EntityType>EE02</EntityType>
                <IsOrderByValue>N</IsOrderByValue>
                <AD_Reference_UU>10d547b8-6496-4510-a15c-51764b831617</AD_Reference_UU>
                <AD_Element_ID reference="id"/>
                <AD_Reference_Trl type="translation">
                    <Description/>
                    <Help/>
                    <Name>HR_Process</Name>
                    <AD_Language>es_EC</AD_Language>
                    <IsActive>Y</IsActive>
                    <IsTranslated>Y</IsTranslated>
                </AD_Reference_Trl>
                <AD_Ref_Table type="table">
                    <AD_Reference_ID>53253</AD_Reference_ID>
                    <AD_Client_ID>0</AD_Client_ID>
                    <AD_Org_ID>0</AD_Org_ID>
                    <AD_Reference_ID reference="id">53253</AD_Reference_ID>
                    <AD_Table_ID reference="id">53092</AD_Table_ID>
                    <WhereClause/>
                    <OrderByClause/>
                    <IsActive>Y</IsActive>
                    <IsValueDisplayed>N</IsValueDisplayed>
                    <EntityType>EE02</EntityType>
                    <AD_Window_ID reference="id"/>
                    <AD_Ref_Table_UU>f48395be-3683-4bbc-a86b-a6a419a02e4c</AD_Ref_Table_UU>
                    <AD_InfoWindow_ID reference="id"/>
                    <AD_Display reference="id">54870</AD_Display>
                    <AD_Key reference="id">54860</AD_Key>
                </AD_Ref_Table>
            </AD_Reference>
            <AD_Val_Rule type="table">
                <AD_Client_ID>0</AD_Client_ID>
                <AD_Org_ID>0</AD_Org_ID>
                <Name>HR_ProcessProcessed</Name>
                <Description/>
                <Type>S</Type>
                <Code>HR_Process_ID IN (SELECT HR_Process_ID FROM HR_Process WHERE Processed = 'Y')</Code>
                <IsActive>Y</IsActive>
                <EntityType>ING_Payroll</EntityType>
                <AD_Val_Rule_UU>dfcaceaf-971c-460e-b949-42f86e7c0ce6</AD_Val_Rule_UU>
            </AD_Val_Rule>
            <AD_Process_Para type="table">
                <AD_Client_ID>0</AD_Client_ID>
                <AD_Org_ID>0</AD_Org_ID>
                <IsActive>Y</IsActive>
                <Name>Payroll Process</Name>
                <Description/>
                <Help/>
                <AD_Process_ID reference="uuid" reference-key="AD_Process">cee02096-12ef-4843-b39b-10d75b706294</AD_Process_ID>
                <SeqNo>10</SeqNo>
                <AD_Reference_ID reference="id">30</AD_Reference_ID>
                <AD_Reference_Value_ID reference="id">53253</AD_Reference_Value_ID>
                <IsRange>N</IsRange>
                <AD_Val_Rule_ID reference="uuid" reference-key="AD_Val_Rule">dfcaceaf-971c-460e-b949-42f86e7c0ce6</AD_Val_Rule_ID>
                <FieldLength>0</FieldLength>
                <IsMandatory>Y</IsMandatory>
                <DefaultValue/>
                <VFormat/>
                <ValueMin/>
                <ValueMax/>
                <ColumnName>HR_Process_ID</ColumnName>
                <DefaultValue2/>
                <IsCentrallyMaintained>N</IsCentrallyMaintained>
                <EntityType>ING_Payroll</EntityType>
                <AD_Element_ID reference="id"/>
                <ReadOnlyLogic/>
                <DisplayLogic/>
                <AD_Process_Para_UU>5e469ede-1f51-4af7-9e56-ab4571710946</AD_Process_Para_UU>
                <IsEncrypted>N</IsEncrypted>
                <MandatoryLogic/>
                <Placeholder/>
                <Placeholder2/>
                <AD_Process_Para_Trl type="translation">
                    <Description/>
                    <Help/>
                    <Name>Proceso Nómina</Name>
                    <Placeholder/>
                    <Placeholder2/>
                    <AD_Language>es_EC</AD_Language>
                    <IsActive>Y</IsActive>
                    <IsTranslated>Y</IsTranslated>
                </AD_Process_Para_Trl>
            </AD_Process_Para>
            <AD_Reference type="table">
                <AD_Reference_ID>252</AD_Reference_ID>
                <AD_Client_ID>0</AD_Client_ID>
                <AD_Org_ID>0</AD_Org_ID>
                <AD_Reference_ID>252</AD_Reference_ID>
                <Name>C_BPartner Employee</Name>
                <Description>Business Partners who are Employee</Description>
                <Help/>
                <ValidationType>T</ValidationType>
                <IsActive>Y</IsActive>
                <VFormat/>
                <EntityType>D</EntityType>
                <IsOrderByValue>N</IsOrderByValue>
                <AD_Reference_UU>19d0b9e0-fc8e-4060-a35d-278961357708</AD_Reference_UU>
                <AD_Element_ID reference="id"/>
                <AD_Reference_Trl type="translation">
                    <Description>Terceros que son empleados</Description>
                    <Help/>
                    <Name>C_BPartner Employee</Name>
                    <AD_Language>es_EC</AD_Language>
                    <IsActive>Y</IsActive>
                    <IsTranslated>Y</IsTranslated>
                </AD_Reference_Trl>
                <AD_Ref_Table type="table">
                    <AD_Reference_ID>252</AD_Reference_ID>
                    <AD_Client_ID>0</AD_Client_ID>
                    <AD_Org_ID>0</AD_Org_ID>
                    <AD_Reference_ID reference="id">252</AD_Reference_ID>
                    <AD_Table_ID reference="id">291</AD_Table_ID>
                    <WhereClause>C_BPartner.IsEmployee='Y'</WhereClause>
                    <OrderByClause/>
                    <IsActive>Y</IsActive>
                    <IsValueDisplayed>N</IsValueDisplayed>
                    <EntityType>D</EntityType>
                    <AD_Window_ID reference="id"/>
                    <AD_Ref_Table_UU>11991ebc-ee92-4b55-afcb-7c5f6a62f401</AD_Ref_Table_UU>
                    <AD_InfoWindow_ID reference="id"/>
                    <AD_Display reference="id">2902</AD_Display>
                    <AD_Key reference="id">2893</AD_Key>
                </AD_Ref_Table>
            </AD_Reference>
            <AD_Val_Rule type="table">
                <AD_Val_Rule_ID>52012</AD_Val_Rule_ID>
                <AD_Client_ID>0</AD_Client_ID>
                <AD_Org_ID>0</AD_Org_ID>
                <AD_Val_Rule_ID>52012</AD_Val_Rule_ID>
                <Name>HRPayroll Only Employee</Name>
                <Description/>
                <Type>S</Type>
                <Code>C_BPartner.IsEmployee = 'Y'</Code>
                <IsActive>Y</IsActive>
                <EntityType>EE02</EntityType>
                <AD_Val_Rule_UU>2316e565-4c5e-4302-9962-19ec190801f7</AD_Val_Rule_UU>
            </AD_Val_Rule>
            <AD_Element type="table">
                <AD_Element_ID>187</AD_Element_ID>
                <AD_Client_ID>0</AD_Client_ID>
                <AD_Org_ID>0</AD_Org_ID>
                <AD_Element_ID>187</AD_Element_ID>
                <IsActive>Y</IsActive>
                <ColumnName>C_BPartner_ID</ColumnName>
                <Name>Business Partner </Name>
                <Description>Identifies a Business Partner</Description>
                <Help>A Business Partner is anyone with whom you transact.  This can include Vendor, Customer, Employee or Salesperson</Help>
                <PrintName>Business Partner </PrintName>
                <PO_Description/>
                <PO_Help/>
                <PO_Name/>
                <PO_PrintName/>
                <EntityType>D</EntityType>
                <AD_Element_UU>5f73bc9f-04e0-448f-978d-f2d3e18f2ac3</AD_Element_UU>
                <Placeholder/>
                <AD_Element_Trl type="translation">
                    <Description>Identifica un Tercero</Description>
                    <Help>Un tercero es cualquiera con quien usted realiza transacciones. Este puede incluir Proveedores, Clientes, Empleados o Vendedores.</Help>
                    <Name>Tercero</Name>
                    <Placeholder/>
                    <PO_Description/>
                    <PO_Help/>
                    <PO_Name/>
                    <PO_PrintName/>
                    <PrintName>Tercero</PrintName>
                    <AD_Language>es_EC</AD_Language>
                    <IsActive>Y</IsActive>
                    <IsTranslated>Y</IsTranslated>
                </AD_Element_Trl>
            </AD_Element>
            <AD_Process_Para type="table">
                <AD_Client_ID>0</AD_Client_ID>
                <AD_Org_ID>0</AD_Org_ID>
                <IsActive>Y</IsActive>
                <Name>Business Partner </Name>
                <Description>Identifies a Business Partner</Description>
                <Help>A Business Partner is anyone with whom you transact.  This can include Vendor, Customer, Employee or Salesperson</Help>
                <AD_Process_ID reference="uuid" reference-key="AD_Process">cee02096-12ef-4843-b39b-10d75b706294</AD_Process_ID>
                <SeqNo>20</SeqNo>
                <AD_Reference_ID reference="id">30</AD_Reference_ID>
                <AD_Reference_Value_ID reference="id">252</AD_Reference_Value_ID>
                <IsRange>N</IsRange>
                <AD_Val_Rule_ID reference="id">52012</AD_Val_Rule_ID>
                <FieldLength>0</FieldLength>
                <IsMandatory>N</IsMandatory>
                <DefaultValue/>
                <VFormat/>
                <ValueMin/>
                <ValueMax/>
                <ColumnName>C_BPartner_ID</ColumnName>
                <DefaultValue2/>
                <IsCentrallyMaintained>Y</IsCentrallyMaintained>
                <EntityType>ING_Payroll</EntityType>
                <AD_Element_ID reference="id">187</AD_Element_ID>
                <ReadOnlyLogic/>
                <DisplayLogic/>
                <AD_Process_Para_UU>9ca0656a-dcb8-411a-976b-64714db49900</AD_Process_Para_UU>
                <IsEncrypted>N</IsEncrypted>
                <MandatoryLogic/>
                <Placeholder/>
                <Placeholder2/>
                <AD_Process_Para_Trl type="translation">
                    <Description>Identifica un Tercero</Description>
                    <Help>Un tercero es cualquiera con quien usted realiza transacciones. Este puede incluir Proveedores, Clientes, Empleados o Vendedores.</Help>
                    <Name>Tercero</Name>
                    <Placeholder/>
                    <Placeholder2/>
                    <AD_Language>es_EC</AD_Language>
                    <IsActive>Y</IsActive>
                    <IsTranslated>Y</IsTranslated>
                </AD_Process_Para_Trl>
            </AD_Process_Para>
        </AD_Process>
    </AD_Menu>
</idempiere>
