<?xml version="1.0" encoding="UTF-8"?><idempiere Name="AD_EntityType" Version="1.0.0" idempiereVersion="7.1.0.qualifier" DataBaseVersion="2019-11-22" Description="" Author="SuperUser" AuthorEmail="erzegovina@erpsit.com" CreatedDate="Thu Jun 18 18:52:13 CAT 2020" UpdatedDate="Thu Jun 18 18:52:13 CAT 2020" PackOutVersion="100" UpdateDictionary="true" Client="0-SYSTEM-System" AD_Client_UU="11237b53-9592-4af1-b3c5-afd216514b5d">
    <AD_EntityType type="table">
        <AD_Client_ID>0</AD_Client_ID>
        <AD_Org_ID>0</AD_Org_ID>
        <EntityType>QSSLEC_FE</EntityType>
        <IsActive>Y</IsActive>
        <Name>QSSLEC_FE</Name>
        <Description/>
        <Help/>
        <Version/>
        <ModelPackage/>
        <Classpath/>
        <Processing>N</Processing>
        <AD_EntityType_UU>57cb55c4-43a8-40b8-8529-10919be53e51</AD_EntityType_UU>
    </AD_EntityType>
</idempiere>
